{"cameraMode":{"drawMode":0,"name":"Shaded","section":"Shading Mode"},"sceneLighting":false,"audioPlay":false,"sceneViewState":{"m_AlwaysRefresh":false,"showFog":true,"showSkybox":false,"showFlares":true,"showImageEffects":true,"showParticleSystems":true,"showVisualEffectGraphs":true,"m_FxEnabled":true},"in2DMode":false,"pivot":{"x":-0.30419838428497317,"y":-0.03686681389808655,"z":-0.039612796157598498},"rotation":{"x":-0.14672255516052247,"y":0.11222527921199799,"z":-0.01674819178879261,"w":-0.9827045798301697},"size":0.7141429781913757,"orthographic":false}