{"cameraMode":{"drawMode":0,"name":"Shaded","section":"Shading Mode"},"sceneLighting":false,"audioPlay":false,"sceneViewState":{"m_AlwaysRefresh":false,"showFog":true,"showSkybox":false,"showFlares":true,"showImageEffects":true,"showParticleSystems":true,"showVisualEffectGraphs":true,"m_FxEnabled":true},"in2DMode":false,"pivot":{"x":-28.623689651489259,"y":-14.854241371154786,"z":16.131616592407228},"rotation":{"x":-0.18555758893489839,"y":0.4928164780139923,"z":-0.10845883190631867,"w":-0.8432301878929138},"size":21.814626693725587,"orthographic":false}