{"cameraMode":{"drawMode":0,"name":"Shaded","section":"Shading Mode"},"sceneLighting":false,"audioPlay":false,"sceneViewState":{"m_AlwaysRefresh":false,"showFog":true,"showSkybox":false,"showFlares":true,"showImageEffects":true,"showParticleSystems":true,"showVisualEffectGraphs":true,"m_FxEnabled":true},"in2DMode":false,"pivot":{"x":-0.018711980432271959,"y":0.16727586090564729,"z":-0.41550543904304507},"rotation":{"x":-0.11545951664447785,"y":-0.20263642072677613,"z":0.024082805961370469,"w":-0.9722162485122681},"size":0.1060660183429718,"orthographic":false}